"date (UTC)",description,"moneyIn (BTC)","moneyOut (BTC)","tx hash","current balance (BTC)"
20141224,"PAYMENT RECEIVED",4.56,0,9c8071a2db97f2249e1f2e587fe7056c8e2d3c13fae7cbab5a3f005263d9fda9,4.56
20141224,"PAYMENT RECEIVED",8.1509434,0,6bc235cbb8012d5234045a50e2558e75f1b81bc22b93130edfd7a8a08697b66c,12.7109434
20141228,"PAYMENT RECEIVED",0.6,0,19b524cc8709fcae7cedae9dcc311464087c0a99d46c821289ce89a7326a024c,13.3109434
20141231,"PAYMENT SENT",0,-0.06412279,2a8ac5f0f7ff683e0e61471fafd461af1444503befe045fbe1db0827a546b9dd,13.24682061
20150102,"PAYMENT SENT",0,-0.4401,0e3da5c38e7a75399bbe7c4034a570ea84ff4e30f301998fb528af15f3e86b17,12.80672061
20150105,"PAYMENT RECEIVED",0.31,0,17ff7769808d8e082a8abd3e52aea3b3d8693066cc7e1bfbc4edd93ca3103a7d,13.11672061
20150105,"PAYMENT SENT",0,-0.0184269,67759d405295ff3b22130854384b55fb4bd447be2b3e37f157872cb959b14c2f,13.09829371
20150105,"PAYMENT SENT",0,-0.072866,c4c047643933300fdb1196470656546b193746d8ecd061ff0560c23fe46a725c,13.02542771
20150106,"PAYMENT SENT",0,-0.0723366,2c1789390de10b96ee51a04add569f001280e96ef7b1cbb951d188111f198405,12.95309111
20150108,"PAYMENT RECEIVED",5.23,0,255ee87e4d5dcfab332887b977a9dcecc4bccce71390bfc480db241896276865,18.18309111
20150108,"PAYMENT RECEIVED",5.382,0,227c9d25d0c194a27a5a4498ff9cb484ccc8b1c854b11e801a6c2bd3e17e7c30,23.56509111
20150108,"PAYMENT RECEIVED",7.79,0,a1a37e0dc832197f64f404974177cc83a8c1bb4cc2b3222b07319dcf33ec459e,31.35509111
20150112,"PAYMENT SENT",0,-0.04928035,8d3afa7197eee64c07e9cd5e1642ff5fa447c26d41abc06dbdd471b536e1b5b8,31.30581076
20150112,"PAYMENT SENT",0,-0.00652,26fb71e9435ac77d948225e00ec286635eddd1602d2015f38f43b4fd084f83a1,31.29929076
20150112,"PAYMENT SENT",0,-4.0001,316844a4fe99b26b61206492691a39f0a23a1492c8e7fe7ce3c368386a30b1ea,27.29919076
20150113,"PAYMENT RECEIVED",0.426,0,165a02a93f40de7b32dab8aaaff35b9b7ec85d9d3e5ea896e8a3e59c67050b0a,27.72519076
20150114,"PAYMENT SENT",0,-1.1001,4987674d90fc24825bbbf2bd6b2070a4bff4513cbe152f54f12de3da07a84bc9,26.62509076
20150114,"PAYMENT SENT",0,-0.1101,f4d390122eaf2b447e85214da7878ebc6c4d01cc09a2cd54e37475fec5300b72,26.51499076
20150117,"PAYMENT SENT",0,-0.1501,f6fff9245a322f9ad8372cbd7d59338c4ccd0e3c2365973e8e22ad600a7cc2f5,26.36489076
20150119,"PAYMENT SENT",0,-0.1001,6e0bef12f01d95d18b8ebbfa5b12346e1eefe18866a4f1425712b8877e5c0113,26.26479076
20150120,"PAYMENT RECEIVED",11.54,0,a683cb927a584ed2e43a2719a13655e962567abf14a3d75147f6707800e9621c,37.80479076
20150120,"PAYMENT SENT",0,-2.3081,f0cfbee6ab564281d9aa57e8c869b4755b299d712c19002bfb5054976d191cbd,35.49669076
20150121,"PAYMENT SENT",0,-4.1001,7de1a6b82804e17ded8c0395e91ee5e6504c9c58bbce7f80ff33ccf3babaf2b0,31.39659076
20150121,"PAYMENT SENT",0,-4.64290714,0c7829ac0503a4bde421db26d430595ae844d4d0e0cac1ee175f01047c50ea60,26.75368362
20150122,"PAYMENT SENT",0,-3.0001,7199fd42056f40fa10a96379ca8bccea962297fe954284f44c56ddf710879c4d,23.75358362
20150124,"PAYMENT SENT",0,-0.12229959,8231a8a380613b9c1bff137705c2bedb853d889f38652467f6b6c953a029c113,23.63128403
20150124,"PAYMENT SENT",0,-0.17817997,b80658783e66afa5e372710ac4a29c69f43b42ae26b73feebb1dfe8523ba19de,23.45310406
20150126,"PAYMENT RECEIVED",0.7,0,22a3e156d674b23437e66834287650e379d518c0dc93dceefe843e97e8904150,24.15310406
20150127,"PAYMENT SENT",0,-0.22692594,84f5e16da8522ebd4402d09a4b8501185ea37e976f195ae5bce4ad1f4375101e,23.92617812
20150128,"PAYMENT RECEIVED",2.33975619,0,e5081e11ca018924af789af2d9806f398af7dbf1d4e28bca80e3ae0ff26e8252,26.26593431
20150131,"PAYMENT SENT",0,-8.0001,12f870a3d1a3e1c2e7d45d321b57e00bfb4dea26c3e91e2494147c081793ade9,18.26583431
20150201,"PAYMENT SENT",0,-0.09112862,5a28fc7d0691446bead278681a2a263c6664b814917cade502bc2632d0ec9791,18.17470569
20150201,"PAYMENT SENT",0,-0.15979546,4aca41c2dc522cfa19baae76a6b5ffb27e558b63217c7970e70a62772066dd03,18.01491023
20150201,"PAYMENT SENT",0,-0.81252101,a65856a1cd1b154c19d1050c8962862e7ac4ee476080d1a069a857422ed260f5,17.20238922
20150202,"PAYMENT SENT",0,-1.45384449,8e85ca158f5c5df4202587e4b5f5e20d266e6f8586fae167e01330a404e913d6,15.74854473
20150202,"PAYMENT SENT",0,-0.26268205,292d027ccd8ebadb5a1941c4f9061c64de3e00c24c4478c0a8c3f7ce76e58c6d,15.48586268
20150202,"PAYMENT SENT",0,-9.53151844,9f7d59a3e4656e4bab209ef52a5debaebc0d05dcf8c3261420432901c25ee3d8,5.95434424
20150205,"PAYMENT SENT",0,-0.01252,b27c960ec833e577e266ac46a2b79a95c05662afcf80c9775cbd03f1ddd16461,5.94182424
20150208,"PAYMENT SENT",0,-0.08845092,9863350106be54127003773e3ebc6c4b1f5aeecdf980d00cfbaf1d86992e7a02,5.85337332
20150208,"PAYMENT SENT",0,-0.05555,d6e2982db5ca8ef8f930dc4e7a3c282b44b35b87b3b47a4f46c5ea2ef8d5c774,5.79782332
20150209,"PAYMENT SENT",0,-3.18201818,68cbe44cf166342d0d2859ab5f859ced9d37056a05cfbe0713ca3dc6f7cb0483,2.61580514
20150211,"PAYMENT SENT",0,-0.0633,b95efcb5c2dfd7ad902e5cbec6a3d9d7d9141ee7cf772753be7dc4d1d36d734d,2.55250514
20150215,"PAYMENT SENT",0,-0.07767593,f1867e5faf935e96b1045079e647794a081c5fade1d0c509b534e43d7ba1ba37,2.47482921
20150216,"PAYMENT RECEIVED",17.0940171,0,ff8b53b5c335f2d7afe5f8cad9b015fb75c7561b6f10616cef44ea0a2da586f1,19.56884631
20150219,"PAYMENT SENT",0,-0.08359336,3f4c26c607ffee01c681426d76c7d44548fcccc1d0f82bbfa713af6dd3fe4726,19.48525295
20150222,"PAYMENT SENT",0,-2.1001,50a82ed91cd338fbb5bc4db9ab8f1538c7b3f5883ace58948ce56a50452083a7,17.38515295
20150223,"PAYMENT SENT",0,-2.3501,5e6e531f0634846b40752f47ebf5ff2f9e8da0dfa38136599d28c47d75767d84,15.03505295
20150224,"PAYMENT RECEIVED",0.8353,0,bdc60f116cc62d8403bfb4a0ec40897388777685bfa9e6fcf785f0c4fc7467ec,15.87035295
20150224,"PAYMENT SENT",0,-0.08340209,fe28dca32014ac7123fd55b75b7bdd06d71612e183c0587ac6f55f90093abfbd,15.78695086
20150226,"PAYMENT RECEIVED",1.048,0,b2dc4d7f0c1b7b851575d1118386f52d805e31ebdb05e7b537372f26ecd62318,16.83495086
20150226,"PAYMENT SENT",0,-4.8551,880b1fbdd22362fe1405c0d26c765acb9838947146dc83c496438c7e38163c0d,11.97985086
20150301,"PAYMENT SENT",0,-0.19811195,99ddecb7ff5d5abd9cab27d801f8e702bf147e8bc06e1b9e6fec9282ccc82f42,11.78173891
20150301,"PAYMENT SENT",0,-0.31629303,2c82f0ae3bcc07d7bd66a460b4b6085903813b96e931b577c87191e2fb2f4101,11.46544588
20150302,"PAYMENT SENT",0,-0.02176,abe404776ac9a5c391b1e40a30ff00c95dea29abd61d98f764088d2c87f5956e,11.44368588
20150303,"PAYMENT RECEIVED",10.66,0,3de8b7fdfdb8d5e51aba13bc30fdcb1dcc6702dc6b735d00ef31deff5e7107de,22.10368588
20150304,"PAYMENT RECEIVED",0.718,0,80b7dd69ca0beb35dd02493eda6612c74b06ad2f78d50adf47ff7101a3fc13ae,22.82168588
20150305,"PAYMENT RECEIVED",0.923,0,2fd269e65d63143873150cf55937b71856126e99a263684a243dd44987126184,23.74468588
20150306,"PAYMENT SENT",0,-0.02074,5d98cf0f120c30a6eb3de7a59d7caa06fcd77b7a418b70e1aa0827e53c4fbefc,23.72394588
20150307,"PAYMENT SENT",0,-0.02062,67509778848322a33cbe2f3924625c6d5e329e507f6fb3c7a2b4791d5cb7db1f,23.70332588
20150308,"PAYMENT SENT",0,-3.0801,9e77c8f970b63ae05d6adba136ab98f91fbcfc327c00dc9016483818116c912e,20.62322588
20150308,"PAYMENT RECEIVED",0.73,0,37d70e23a7ade4dafbdc38a39b8eeb05e8cf78f6daa26dc5b6ae2fc40e242fe6,21.35322588
20150311,"PAYMENT RECEIVED",1.185,0,7e262a1556a421d607ae8988cec96f60ef1d4c1c365ddce767b1f6c8b1970960,22.53822588
20150312,"PAYMENT RECEIVED",4.93,0,43620c6013f16e378c135360af5ddac958ff00e6718fd20483ece415fb835317,27.46822588
20150313,"PAYMENT RECEIVED",4.99,0,a09878e0ee1a316fe0ffe940d0ec69d742e99357170e34fe2f344c24b718b9b6,32.45822588
20150314,"PAYMENT SENT",0,-0.02674,2cac0e380481ef260b04e81f0b4a583ed87b1ad49b452c4a9c25033c992d0304,32.43148588
20150315,"PAYMENT SENT",0,-0.02694,df54159f130cdf7c70951f53cfb1127f82b491be922589352ef7155974267960,32.40454588
20150316,"PAYMENT RECEIVED",5.06,0,f87f9963268bda285ffb5bc229da41cb992659349b3d939961601098aa79aae7,37.46454588
20150318,"PAYMENT RECEIVED",11,0,5dd9864cf8264a259dbfd1c57e89cd044882a9ff0fa1c07160e42a81cafdd8b3,48.46454588
20150319,"PAYMENT SENT",0,-0.0101,446892964a04bb191e920640092da03d2175328b19394273f08bdc12a6f9703b,48.45444588
20150320,"PAYMENT SENT",0,-0.9861,39af12bea6b445a0752355e308994383b5d0ca21fd82a5017c39b620f31d68a9,47.46834588
20150323,"PAYMENT SENT",0,-0.02112,7eee4fdab8211e05e17f583974d4c3cc7a7d72b17a0c4d635f5f534f938d23c8,47.44722588
20150327,"PAYMENT SENT",0,-0.03406,fa9af942fe2b321f174e6f7597b17176dd99fc9e952e9fbd9338e7c1f3dd4299,47.41316588
20150329,"PAYMENT SENT",0,-0.03403,9a090ddcd9436bf43295788c82ea4d78aa37a6686cb93b251a4fbfc5e55159a2,47.37913588
20150331,"PAYMENT SENT",0,-0.24686125,1609474555482815f4ef7337d412357539b4890942c42ffb3f79a0e2af88101d,47.13227463
20150331,"PAYMENT RECEIVED",0.24655845,0,f0c33a302dd8fc440d15abae38908bdc802bab38b91ec9f8b6708831d0e94b60,47.37883308
20150401,"PAYMENT SENT",0,-0.03505,a511281711d5c3fd29a882aef93921112f8a3b7f1662e4bbba6b938ae7031119,47.34378308
20150401,"PAYMENT SENT",0,-0.89409482,440ce31843506d34a8ccb1dbf84b7d05c92cb990a51fe5b56ae674bbfbaeed2d,46.44968826
20150401,"PAYMENT SENT",0,-0.20561605,72ab247561fbbdb68c97bba372e8e879e44e9b76121c94b58753c84b5710c3c6,46.24407221
20150402,"PAYMENT SENT",0,-0.02865,4bc91628d0fdd7d90cb8727d700bcba6d58d225bf7194b4161ed6b281b68aea9,46.21542221
20150402,"PAYMENT SENT",0,-3.03616064,95fe0d05926a2bf55daaaf557155355f25f6a694e35ea6a1660e4610ac63e7da,43.17926157
20150404,"PAYMENT SENT",0,-0.0104,b6b0abd66e5f3f64bd9107a7e381591da9b77e3abd7a41fccb06603561b3a71a,43.16886157
20150406,"PAYMENT RECEIVED",7.76487945,0,d6a4e97eda871fb10d3246bbb8a8676a807b11f6a8259eae7f165c5c4c186317,50.93374102
20150406,"PAYMENT SENT",0,-0.03301,2be5e8874995cbbcfcc1244b79fb5739a5d5f14fe4c9a43e0787a09da89e85ca,50.90073102
20150408,"PAYMENT RECEIVED",13.75,0,8b4d49d011f4813f43f1c62305aac7f6659507446a5c8988f2cc60ee9477b0f1,64.65073102
20150408,"PAYMENT SENT",0,-0.03436,7bd05a9e5b7d2801c9a03e76245aa61ba02dabdb5b5dbbcca1771a78398811af,64.61637102
20150408,"PAYMENT SENT",0,-0.73240268,71b1bff25db5e44d66dc93a889d067fb73fc1186272bbead5a17fb3ca4a62b2b,63.88396834
20150410,"PAYMENT RECEIVED",5.992,0,6e8b4d32a543b4ec4e1d5c015c0e5d3929f2de7aef97f39491f6ddc19cedc20c,69.87596834
20150414,"PAYMENT RECEIVED",5.9,0,2440f78df3fbafbf5f966f6fffc9f81b4ce2b37ffb166dfbe83514643993ebde,75.77596834
20150414,"PAYMENT SENT",0,-0.0254,02fe4d1d3da8a23876f2bf69ac5c839d7d78fa8ff2da4992cfdc7a626e57293f,75.75056834
20150420,"PAYMENT SENT",0,-2.72842472,e0288abc6e17f02c511e8140249d6be8ca2e19eeb1573fc1208c43786071fe50,73.02214362
20150422,"PAYMENT RECEIVED",4.28064,0,2a4f15fc7a34538247517daab76c108ce96047f4f1fff06ac5e22f5419d2d362,77.30278362
20150422,"PAYMENT SENT",0,-0.02168,1a8f417ca336dfa6b5747c43ef31cd3b73fa58efa9b831656d34866e37bac7a5,77.28110362
20150423,"PAYMENT SENT",0,-0.02178,edc460b7106836f30e43382a4c7f3f42d1f9c66ca53d945ceef6500e3504a4b6,77.25932362
20150423,"PAYMENT SENT",0,-0.02178,adc2c58e7e45a70bac448d6bd717cec62129a726d9f9e7743423662aeaf5593e,77.23754362
20150424,"PAYMENT RECEIVED",1.09,0,105dcfb69fecb6bd78764b6ee2acd396165cb51272652b403b4f2845caf0c814,78.32754362
20150427,"PAYMENT SENT",0,-0.02342,8f5d2e640b0bb753107de91ec91f151d4412481003897c2d264d484c9ce40342,78.30412362
20150427,"PAYMENT RECEIVED",6.49,0,ef80454af26a89c8451091e7c637e0deb746b0c5c05162174910c06384fa7d8f,84.77070362
20150427,"PAYMENT SENT",0,-0.02342,62c8c054465610794dc738bd1cb35901733283094a2807795b6b1902c6f18df7,78.28070362
20150427,"PAYMENT RECEIVED",1.1201,0,201cdc99d27aeb527c164908c979874713cb18c5fb59682b60f6ae97496c335f,85.89080362
20150429,"PAYMENT SENT",0,-4.47437293,ed9df1bbe98dfcd5040a3b5c15546df6fa554bd8663515db726a8ec03f29fe62,81.41643069
20150429,"PAYMENT SENT",0,-0.02298,c65e028343b077a8fc2d1477b4fed25952d39ec9fdea7cbd6eeaf3b4ecb33263,81.39345069
20150429,"PAYMENT SENT",0,-0.01627,73806df30239c13546712fd9d2553fe8414769e4a1a65b724185b26de049f8b0,81.37718069
20150429,"PAYMENT SENT",0,-3.08916124,82fa5af61438872d41308c33f13cf794dd9b39037ebb809e450e6c5bf960b520,78.28801945
20150429,"PAYMENT SENT",0,-0.00455751,f415548575ba3eb2ef397f64fc5776a4468ac3d5aefe58c3d6b8b2ecedd2d132,78.28346194
20150501,"PAYMENT SENT",0,-0.77038414,0ab91e6d174d5b841c20d5cc5271664652b994c317878422aa40d88d031c13cb,77.5130778
20150502,"PAYMENT SENT",0,-0.29968058,30d3cb9b8abee05ae75e054cb58dfb3276f0d418b832a66fdc4dcb70790d7ad3,77.21339722
20150505,"PAYMENT SENT",0,-0.00439239,f2eb9027e1b49a40911be3b5d2b3ed5d622d9e5b8885aaad343805f4f1a5c89b,77.20900483
20150505,"PAYMENT RECEIVED",8.7,0,6791fb27e96d6812afa9d868c96a4e9ef81cf84f6f720b039fadeb4b5048dfdb,85.90900483
20150521,"PAYMENT SENT",0,-3.0001,acade59f5e0fc03994be8d71a0938141f6ac189d15e77edd383cc3332da0545b,82.90890483
20150521,"PAYMENT SENT",0,-7.0001,c04cabf8ea047e8d825dec25a1d8dfdb084919dcfbdc26b7e5b4f3be2eee8491,75.90880483
20150521,"PAYMENT SENT",0,-10.0002,f60efea869fc9b7f481e2b7ff1a52e265ab742c2c15b29dc995b89782025bc33,65.90860483
20150521,"PAYMENT SENT",0,-10,9c07e8c828fe42be3c8b78e7bf32dee23abc1e235d20180e96d0c5ab8bfed8be,25.90850483
20150521,"PAYMENT SENT",0,-10,73a1c0f7d2b9822fd19c47d9b4c96d8ffc004fe0dd6e1a5386987e6faebbe4a0,35.90850483
20150521,"PAYMENT SENT",0,-10,f4af6460f4cbe9f403a467fba9185e52febb309a0003c702fd00d19de5c6f3f4,45.90850483
20150521,"PAYMENT SENT",0,-10.0001,26ef573644d119e14ee4c21031720969d59f8424544b6ee6292cd6535b7715be,55.90850483
20150521,"PAYMENT SENT",0,-10,dbcbdaa8be8c4b57e968c7a1f3bd41b1bc09b095049914b1941ba023c6559dd6,15.90850483
20150521,"PAYMENT SENT",0,-10.0001,395c1054d93d63c1848f48ded29c30e93cdfc5f225b5e0182e52047c4d2fbc46,5.90840483
20150528,"PAYMENT RECEIVED",6.325,0,5ea3e807a27fa2cad698aaacbfb27778847b9423bf23b10864b3becdd49f4cad,12.23340483
20150601,"PAYMENT SENT",0,-0.66302134,8494eaf1f817a596b2fcf669a1f82f2bd22cb23c5deaf0669871701acb99715f,11.57038349
20150602,"PAYMENT SENT",0,-4.44810284,ee8897bd034c03e7bc15511088c79bc948b7041e0642db82ce73584a1d114b4f,7.12228065
20150602,"PAYMENT SENT",0,-0.35518211,6a6d4434ee2ea6a06eb88e983e01a52dedbdab50f9615ceba69839f2c4d3055e,6.76709854
20150604,"PAYMENT RECEIVED",9.9999,0,872e311ed93b77d8195ab4b517366167e52cef78a9017bce5c7629aadd061560,16.76699854
20150604,"PAYMENT SENT",0,-1.24266678,179a92c75b9f55dce2c94f454cc5d42d72503029a29538c32578e3e1752d82e2,15.52433176
20150604,"PAYMENT SENT",0,-1.59768587,063a26b1034a522fdbdd83305dc8a07084202b7ad48b0736feeb8771dd9db6c6,13.92664589
20150604,"PAYMENT SENT",0,-4.43783852,9b04ce0d78988306135f55aa69924a1bc74d758e4900a41a5c4faa8f67600b7c,9.48880737
20150604,"PAYMENT SENT",0,-1.80162128,332ebbfe7d259bb742e3d2397dde429f46d7504ff983bac76e541c3afb8ca0b6,7.68718609
20150608,"PAYMENT SENT",0,-0.04452272,fc5de1baab7412188540ac6be9b83230204f209505b7c84779d2df2ed1f1035b,12.14266337
20150604,"PAYMENT RECEIVED",4.5,0,162bcc17035e9f5882c9e386bded857253a3fe49f293362e63be83e9df83c936,12.18718609
20150608,"PAYMENT SENT",0,-6.10822491,cb044e924d2ba6df7da6e64ddd9546ee8cebdb05c06a8a8bd01f20730dd32691,6.03443846
20150609,"PAYMENT RECEIVED",6.375,0,cadf70723d88201f353ee47feb5052e480bb1b8f0d411d098ea61c16c6d58b50,12.40943846
20150610,"PAYMENT RECEIVED",1.7,0,a5c9647601b69ee7de2d2dc223cca7ddf4f7ce08637f2e0bde95145bf6735955,14.10943846
20150612,"PAYMENT RECEIVED",10,0,011aad79bd329d6228c50666920ac221ee204703d29a9b503040755f1be41e2d,24.10943846
20150613,"PAYMENT RECEIVED",0.0001,0,041179298d11b68d58c80f1abad5a53cc7297e4679f6733c2c83e07d7a1f96ef,24.10953846
20150614,"PAYMENT SENT",0,-10.0002,bf21fe09de39d52cb660cc2e9b4c04269b046d738e8f13da14db6b62a486bc1a,14.10933846
20150614,"PAYMENT SENT",0,-10,358904cb7d2bb8554670bc65c1c4e9fee06ea19b3f7470b91f5c4a107c159d22,4.10933846
20150618,"PAYMENT SENT",0,-0.01139,2bbed01317070839a46a67da58dad198c8b27ec0eb7ff22d4d3f8b5edf80b123,4.09794846
20150619,"PAYMENT RECEIVED",0.707,0,4ace9ee2457fc50097a156b42c7740b156306c1feff807046b57941495bdf50e,4.80494846
20150619,"PAYMENT RECEIVED",0.706,0,46b030f2c1beb94cb93068bbf23860aa61efe892019fc8de73360dd3f6bcf86c,5.51094846
20150619,"PAYMENT RECEIVED",5.9108,0,a9580e6ce4970f33a297e8fbb30deec47e8fe8a22db998087faae4a90d811a12,11.42174846
20150620,"PAYMENT SENT",0,-6.0002,1c2dabd9f06ba2779de4250c049a9ebe5ce786406ac79e534ed10a49be6d4ed0,5.42154846
20150622,"PAYMENT SENT",0,-0.01159,c0fd081d37f16d0e84214c9c47ebd2f86e9fc5007910d278df32e691386e58d5,5.40995846
20150622,"PAYMENT RECEIVED",5.721,0,660b8b1a033894f3cfbbaa2be6178c61fa481ededbd9b80502ef6b1cbd501e8b,11.13095846
20150622,"PAYMENT SENT",0,-10.0001,2d32ca0ad62a7bcd71077c707438b83042960e3f6267520b7649664d310f0725,1.13085846
20150623,"PAYMENT SENT",0,-0.01155,c243274065b9b118fc6d4e84ea16dfbab1f3820c8cbfa920f47778922c54e4a1,1.11930846
20150624,"PAYMENT SENT",0,-0.01162,19e71a795835f4753a58851377d56883fcd3f8073e307e60d728b3d47cb35b39,1.10768846
20150624,"PAYMENT RECEIVED",5,0,7f6108436b0547f773c61bd7e2b736fdcf512e6e3b6049dedc3e048fdcd5a3a2,6.10768846
20150625,"PAYMENT RECEIVED",4.15041089,0,2955bc23dc0e4027d0718583aa35dcba48fee67fed0028fa59f8a435c78212b7,10.25809935
20150625,"PAYMENT SENT",0,-0.01165,2cf11403ca3230ee83110ca1274281c7db87d484454acd119badf0a5766e43fe,10.24644935
20150626,"PAYMENT SENT",0,-0.01169,301d4bbbf687f0bf7a6562e8cca50eece31ead10373feeede57df24261cac652,10.23475935
20150629,"PAYMENT SENT",0,-0.01107,79876ffd71c0277a348299eff0906f3c633e8b71455cd940a705af344a941150,10.22368935
20150629,"PAYMENT RECEIVED",2.95,0,6595bea43a7fab22e071c4b4e2070c4f1c645f0590fd123897e19bcf0cb633e4,13.17368935
20150701,"PAYMENT SENT",0,-1.35192109,97ff92a2d23b5f12ce6c9f30cd63cb11ad421395e7aa94a5de32ccde2026f773,11.82176826
20150701,"PAYMENT SENT",0,-5.21426708,36ec4180fdeecad28b70c31991955059256aebad31c9059ef0dd0e5cad5bad8d,6.60750118
20150701,"PAYMENT SENT",0,-0.77858273,a75b4b85e1a3157db70a958b5c579d45317b1864c56c2f5196687d6b3269bc5a,5.82891845
20150701,"PAYMENT SENT",0,-1.34674499,970a979dedc5175d192448911abb8a71b9bc38a9bd2bc61d5e83e2a90aadbb23,4.48217346
20150702,"PAYMENT SENT",0,-3.9605349,6834cc4ec74644ec35011cbf9df1814a83155f9e02356448ae0818ca6598feae,0.52163856
20150706,"PAYMENT SENT",0,-3.43678009,40ea6c232d2518bae95b4bebe254369d520ff9889b42a072631c82902040c182,7.08475847
20150706,"PAYMENT RECEIVED",9.9999,0,a63717e37080bf0d066f66e438c53fe91dc36d75301209bdd888075cd6cf39d2,10.52153856
20150706,"PAYMENT SENT",0,-1.34890455,b10ce278f3de03a796ab49b45a71ad3e04adb8a2de78a04285f04ae5490bf52f,5.73585392
20150707,"PAYMENT SENT",0,-0.01061,b61a731ddce1caa2044c8a3a1817b2e4e0f1cc88e817a0f5699f30ec1b1b720d,5.72524392
20150707,"PAYMENT SENT",0,-0.01061,00a11a60af6e14d6d39a26a0870604fb6e1bc4763f4b01d59968a9f858ed8e1a,5.71463392
20150707,"PAYMENT SENT",0,-0.05641264,fce9428fe4c86d132f22197ff311eed17581eadfe2137e596abc0c304cd52cec,5.65822128
20150707,"PAYMENT RECEIVED",9.9999,0,3de5a310a1066c2624dd7af28a0d0b54469f96fca2399a7cac02176e06815dbe,15.65812128
20150707,"PAYMENT SENT",0,-0.37494069,cb4231cb138052aec3c5d3558d3496a56de3ea8d4530125ab4e6894edb3acae2,15.28318059
20150707,"PAYMENT SENT",0,-10.23699931,0f4183f135796e439dae275952e8cd28a3be191bee4e33e3219e07b4c4dcb31e,5.04618128
20150708,"PAYMENT RECEIVED",3.91382138,0,69a6a5e63c471d1ca91c0eb83df3e1f8dc3e4abb8c4ad03f7c05efe0e606cf1c,8.96000266
20150708,"PAYMENT SENT",0,-0.64043557,5cb5dc78011e9b2c4560ae6dc72c1c652a4ecf87bbe95fde87c5de0ef1992279,8.31956709
20150720,"PAYMENT SENT",0,-10.0001,44f0e8db97abf875634525ddec021cd226af9b74b5c2c46aad9f7af697187d6b,15.47683446
20150715,"PAYMENT RECEIVED",17.15736737,0,aabfe540f8453a53b077aa5164afd4b3eefb37b44a4c0a84c7722e0094be60ad,25.47693446
20150720,"PAYMENT SENT",0,-10.0001,f6e350080758338b7c1b292a4d960bdbb14f3821e3e459166752dacbe7f366ea,5.47673446
20150721,"PAYMENT RECEIVED",10.058,0,3298dad459f7334d8c48b8dedd355ab0d39c41e188c978232ea265ed67823a22,15.53473446
20150728,"PAYMENT RECEIVED",0.679161,0,c21efc6e89cbdd823b2c896224b160b7cebe9f65f01fec46957ba8672a8e54d3,16.21389546
20150728,"PAYMENT SENT",0,-0.1401,4d778097a59bc3e62e17dfacc4b9749e6cac6a1d0273b591e3013743f3c58e2f,16.07379546
20150801,"PAYMENT SENT",0,-3.59440604,5697f50a409822cd0d03f71889b07c08cbfd3b3a62cb9b40be26379f4aec43a9,12.47938942
20150801,"PAYMENT SENT",0,-2.56237758,2e19b89e9d85c39b5d0994948d3951071f267cad80237ad39b1f90074306d9c9,9.91701184
20150803,"PAYMENT SENT",0,-0.69679817,4908df25cee870aaf0a0dc7741b2bea1355ad5cd1a1556cea28b91a7653beb6a,9.22021367
20150803,"PAYMENT SENT",0,-1.31139049,393b8b297aecfbb85148017ad6b1c35404c7732e70e56c1989a85c29cdbc9ead,7.90882318
20150803,"PAYMENT SENT",0,-3.52246703,eb3f772807887d1d80eb901fab54f1808b1d7bcfac7a13dbd9778ad375dc8e6a,4.38635615
20150805,"PAYMENT SENT",0,-1.22687882,2e32a74a15b1342b57b6482af8baa7295ffb4f12b33d5a4277889d0ec224968e,28.79348761
20150805,"PAYMENT RECEIVED",30,0,94173597175eb714c71bb2ba6082568bbbbe2b0e06ab97fc447a3cfa77532b4f,30.02036643
20150803,"PAYMENT SENT",0,-4.36598972,34efa1b3d704248c4413ca390e9dce4a01f476f8a88e878de0950c621d038780,0.02036643
20150805,"PAYMENT SENT",0,-3.01447083,da04ff63ca1d1f4d979749f3d70c69c7f1999ef6603acc2d3c5c823058c23129,25.77901678
20150805,"PAYMENT SENT",0,-10.0001,09fe8403c47c527941d82515290b547ee92aa77ac640465a7124e0e3766bca13,15.77891678
20150805,"PAYMENT SENT",0,-10.0001,78a5c4ab958825335a8882ca08ee5d61ea1bb20d0e11658b3648065cec05a879,5.77881678
20150806,"PAYMENT RECEIVED",5.1669458,0,eef11df62f55ed19007924cef63cb17af93dc7fc301d86236507231279f2472b,10.94576258
20150807,"PAYMENT SENT",0,-1.17553922,64733b1beccc71068482a86cc6a827fd36963f72670e2dc431372c93be06c3f0,9.77022336
20150812,"PAYMENT RECEIVED",1.316,0,0b275e9e2a493ad8a3d997f645fbb28b6fa7fdf74936bb2f86367dcb9839260d,11.08622336
20150812,"PAYMENT SENT",0,-0.35696112,bdfcb2edda7a3f32603869eedf51876ea4265b24ff2ee501e448d8716f90f810,10.72926224
20150812,"PAYMENT SENT",0,-1.0001,5ff37cbd82fdb7e3c381e637f40b039803988b26d053075b795aa019771bf79d,9.72916224
20150812,"PAYMENT SENT",0,-2.26288724,95a6456aa395bad4f356db24d15ade1cb6fe98f08274f266f3309c030a049d3e,7.466275
20150813,"PAYMENT SENT",0,-1.0001,5ce8109e7b4d30071b948f191f8661824690a7f1b27973a4c8e266ccde0e2c2c,6.466175
20150814,"PAYMENT SENT",0,-0.37681877,f5ed8bc6d9639ea851903b99499e47068d0a434521d86b57e7566a243dbd7c15,6.08935623
20150814,"PAYMENT RECEIVED",1.31,0,a6c6fb0163435404f7de25d21a58c4efd21932cd22d3c2da1a1c11b3803ec111,7.39935623
20150814,"PAYMENT RECEIVED",0.1879,0,06cc33fbbbd8e9788097a9885b2c54fe0ff1302fd4e2ccf13a1c1194e8057e42,7.58725623
20150814,"PAYMENT RECEIVED",10,0,800a977e58706561653a3805607e523a1c82a4a2ef9458732db797dcd451457c,17.58725623
20150816,"PAYMENT SENT",0,-0.02182,fe86425d8348d929b85ef9b2cffda0ca06490cd91a364f746e2f1d65f4ceab70,17.56543623
20150817,"PAYMENT RECEIVED",3.1,0,a9b09c42e1aa17bad52df389fed0272358eb43fa6d25ff3b4674ae5b02d0bdae,20.66543623
20150818,"PAYMENT SENT",0,-20.0002,1a706c442e990697115d37623e9eb20d3a0e04625be465907006e02654545aa6,0.66523623
20150818,"PAYMENT SENT",0,-0.01117,ef3af380c95ff44565b1cb2cdbe182f5a2e08cf553fadf8cddcd5e486a1bc027,0.65406623
20150825,"PAYMENT RECEIVED",12.57428544,0,7a43a6404640ccceb2e5b79673c4e2bfb0bbc5debb41b315f5c70eaf2d59de26,13.22835167
20150825,"PAYMENT SENT",0,-4.2463845,ab35ea9fbfd2791e6c0218aee5d7a8fbdafe67768c6fe386df11496880cebdad,8.98196717
20150825,"PAYMENT SENT",0,-5.66181266,9c6c6f357957e8c0425d9f135757bcaa915ffb03ae30e43f407869623d0c1c49,3.32015451
20150826,"PAYMENT SENT",0,-0.01226,fcbb4dce41fca020818c92198239c008bf61bc71cdfd3e5ca39a497bd0f802ab,3.30789451
20150827,"PAYMENT SENT",0,-0.01243,e8bfb40dbebaf970cafcd3a4f63904ae66562dca929c374aaa38438364c4ae83,3.29546451
20150901,"PAYMENT RECEIVED",7.6872425,0,c0c6c4ac14bd6eb7f8051ea07baaf8fd52b2eb832ff9804e3a561254ff386f75,10.98270701
20150901,"PAYMENT SENT",0,-1.53532238,96f9247406cbd18b0cb9e62f6e94ffd79051978703406ebd78a8d48e72721abd,9.44738463
20150901,"PAYMENT SENT",0,-3.47408894,9fb27e5b608c25b848abe19596314e468180ffa6b00a6416db254f8a887fedf5,5.97329569
20150901,"PAYMENT SENT",0,-0.0124,d5d7ae1cef6fa6c4079755c384985b89ecd97a028d7fce7363ec732c7cbbe637,5.96089569
20150901,"PAYMENT SENT",0,-1.53350635,7da5d761b2696b7bfbaeafca3086aad31221f9e9a36d9a4d9b3a41a34a1371cd,4.42738934
20150901,"PAYMENT SENT",0,-4.37857541,97af18d366b0c764a9b33bd3bfb0d4000fdcc72a62b76599910d32fbabbf1a91,0.04881393
20150902,"PAYMENT RECEIVED",1.75538684,0,5ae63d4993a5f0418633aff630deac0e9a4769f48d4cb0db638402532cfa73b2,1.80420077
20150902,"PAYMENT SENT",0,-1.5001,adc770c918f838854f7934ff5036062a7779ec69fd4b164b3f17cddb4e5d6635,0.30410077
20150902,"PAYMENT SENT",0,-0.01237,d623cad3e38e1b1f4c40f78b32001c81e759d9082e7737e2cc39676e396ef522,0.29173077
20150902,"PAYMENT RECEIVED",7.65,0,fb8c0d01b63fe45bd5e85d33539bbe15b8129ca6430d7f39ad7bf0062fbc2358,7.94173077
20150902,"PAYMENT SENT",0,-0.98366356,e4505dc8185c3e2db80ea4c39615ca1a2a060b4621f4cd2de082fa1bc07f8d84,6.95806721
20150902,"PAYMENT SENT",0,-1.0001,c907c2a1ff44d70a58db3d1dc426dfb1474952ede10af13c85ba6a2a1b65d64f,5.95796721
20150902,"PAYMENT SENT",0,-5.0001,f6d7c2ebc4b9f7b1af3220b6db7d341199531c7557964e360c5e3ba2fa6b5044,0.95786721
20150903,"PAYMENT SENT",0,-0.78550884,c94ed5f2c1e40af8238b573bf433c20cab7507a23654f2a5ce1b4f0ff7974cb7,0.17235837
20150903,"PAYMENT RECEIVED",5.94661,0,3d652c0f7a86bb995fbce102eb54ad8aa4c3aa84bf3b611eb8f1942e19ce72fc,6.11896837
20150905,"PAYMENT SENT",0,-0.08535876,e7afa5913e327c051480f6743513a8862a42e1359d1af62786e12ce0d71f330a,3.06122323
20150905,"PAYMENT SENT",0,-0.4263938,e15a7e7b755a2b04d7db08dd02c9ca4c3e5567de27c13f4d1d421bd472989deb,3.14658199
20150905,"PAYMENT SENT",0,-0.96740187,d52b0c6e6444ae0fa1fc8fb75f0d3fee120d6231a9817186c7cf5233f812872a,3.57297579
20150905,"PAYMENT SENT",0,-2,6b572f87c1cdccbf49949aaac637ba0f6ff8a0d95037a7f2270e6b0ce25b3449,4.54037766
20150905,"PAYMENT RECEIVED",0.42140929,0,d530f999064253a08b1396dd103388b807e101003f5bcf6ce6e7e55ef229f548,6.54037766
20150905,"PAYMENT SENT",0,-3.06088949,e67c6483b071b6dceb215ba1e72eb07fbd03766b98fc65bbebeb51f5422e01d1,0.00033374
20150905,"PAYMENT RECEIVED",0.02595584,0,3255340416f50dfd91babff2866dc9a4752fcfc7444d337db451e7f5980ea946,0.02628958
20150914,"PAYMENT RECEIVED",0.2553,0,f0ef19d5c3f68f382deac65c0d710bf1e193ae628214a335924c5e920eacd68c,0.28158958
20150917,"PAYMENT SENT",0,-1.0001,7a571eb07cbab03ba40fa1933dbe535e5492aefd350340a544aa0efc5c42946d,19.28138958
20150917,"PAYMENT RECEIVED",19.9999,0,29d4d75d8042ce14a3895ece3f0d39514af15ddd5c8b733b9dbc519ff892cffb,20.28148958
20150917,"PAYMENT SENT",0,-7.3801,a15208a5698800cffce66873d272ad24b46da7c2695978c082efc248a3b62766,11.90128958
20150917,"PAYMENT SENT",0,-0.71696145,6fec72536aedda844393799bfeec92e1a9b05ac7597b637924304c86c89e56a9,11.18432813
20150918,"PAYMENT RECEIVED",2.14684414,0,6e86d9d161da28c7bd0c03c806ab66a68eee8d3c1fc172d6acc65c8a9d05dd64,13.33117227
20150921,"PAYMENT SENT",0,-0.66007888,ca221337abc4667f668ba0c1528a0956e214ca4d66e858b69653cac7de6da000,12.67109339
20150922,"PAYMENT SENT",0,-0.04447541,228dc3b94c673ae3f52575b7d7fef857e1c95bb36784f09d607bdfb6a493c647,12.62661798
20150925,"PAYMENT RECEIVED",14.47,0,181c5ff57c9ae730cb74be591af38682b5fce6bfa215f78ad4fecc3a7226a3bc,27.09661798
20150925,"PAYMENT SENT",0,-5.5027455,6d6d3318525a42ca72e5fac16ca0ccfebf295fa73d2854f505bcb28e0859934e,21.59387248
20150925,"PAYMENT SENT",0,-3.10041427,51b5bdb7ae41e3136ece1185c201a64c91e91b00378cb7e8584a0e538172edf3,18.49345821
20150925,"PAYMENT SENT",0,-4.23469665,63de8f5fe0478fb7ca3088a50d918307f0c629acb5b42252048f85f93c0f58cf,14.25876156
20150929,"PAYMENT SENT",0,-5.05802478,215fee1855b5e906d6a1b252861c231f76ba1a674766ae1535021383f7adba09,9.20073678
20150930,"PAYMENT SENT",0,-1.48655205,e8e5f73dac6f9ee60b9dcaee61a904fb8931318050e2a8a3c5c1347451a19d2e,7.71418473
20150930,"PAYMENT SENT",0,-2.57171358,de1a445f34f1ffb6e1d89b68e4e4887943840a043c7cc3a716e8f0a9e6719414,5.14247115
20150930,"PAYMENT SENT",0,-0.04230834,d6c7455c3ee988f2dac166be1e99de575ed2795af54c591cb06fd4b3515d2db8,5.10016281
20151001,"PAYMENT RECEIVED",2.15,0,c1cd5f2c1e9ca69a4fe31b5e9fcc7ceeb4b2026dbda8338df88dd4339da63375,7.25016281
20151002,"PAYMENT RECEIVED",1.034,0,10f66b6469c3b47bea137a89b9914088268c69934e1b0ae74f85d809295b3711,8.28416281
20151002,"PAYMENT SENT",0,-1.46742067,9c8f17f1332b8537792248fb30fddd37de92ebfecc294d8d953a4ad7c0ae7184,6.81674214
20151002,"PAYMENT SENT",0,-0.70231775,d06a9f3605e07f8435613efe8a1c27c0d20acd075ba6bc97c6181cfe54098adb,6.11442439
20151003,"PAYMENT SENT",0,-0.96067467,4f71e92d21266c804ad644de47620392e2ae2d99dbd8e454134087d23ccdca72,5.15374972
20151003,"PAYMENT SENT",0,-0.33421293,2a94602335a7bd7471ba7ae5e8d56e50ee7387081e18e6f44c3edb098de2ea55,4.81953679
20151010,"PAYMENT RECEIVED",4.09,0,7f1be8799535f6446e3f11496c5415ba3b1229dbc8d340567fab38a6b9516bb6,8.90953679
20151013,"PAYMENT SENT",0,-0.4001,5b9dea1def9f0a3316d320bbefc14034aa43a9da6a7ee1eeba9eb5f2e6d9beab,8.50943679
20151014,"PAYMENT RECEIVED",8.769,0,68fb6f58daada173d4f28e527fe36fd86a1d0e796248d1d7b9bda906fcf23284,17.27843679
20151015,"PAYMENT RECEIVED",3.93,0,24bd2de5525d3d3f2a3159e5c2b0edda2e345f74065dc587585f060278a9951c,21.20843679
20151018,"PAYMENT RECEIVED",2,0,e0b0be9bbdc523fde99b914cd7fe8a9ef042e08bb4cc37b3db00728f38f43fbd,23.20843679
20151018,"PAYMENT RECEIVED",2.65,0,2819476c135341b6c384d5f2642e9288140d069703908a6a4c2e817f579fa401,25.85843679
20151020,"PAYMENT SENT",0,-0.72546624,25038b8b7ae37702b58d3751d3a8b2120a595c989e78b14ecf65b72615d5e3bd,25.13297055
20151020,"PAYMENT SENT",0,-0.4851,0268f4896f09836079a1d176666cdf62d32006d0c86f26848c5db77756a46b9d,24.64787055
20151020,"PAYMENT RECEIVED",12.35,0,20089cbc60b169ab443963ca4edf5318e58edda550da18eaf66553121e86b7e7,36.99787055
20151021,"PAYMENT RECEIVED",1.885,0,d8a94df9dac1a500ede9f972e9a6a01e98bd2850d72f24309ee5aca5247859fd,38.88287055
20151024,"PAYMENT RECEIVED",1.07123727,0,71db806bec92d16c91ef14a5ba2783baab90b73d53ee6a14ba6aff96806aaa0e,39.95410782
20151025,"PAYMENT RECEIVED",0.06,0,fbac9529fe4b8f595ac4e6d0c5414ee399ba19637b7df584b4707bfca2b602fa,40.01410782
20151027,"PAYMENT SENT",0,-0.4501,f23ac405b6dffda318c08c855f648f7d9df5e78873e8f5fca453f23252c72948,39.56400782
20151101,"PAYMENT SENT",0,-0.03187932,a1720bc1f4ffed27e9c15b2a6a50b6fa285acd018afcfc1a60b93bec53b69c3a,39.5321285
20151101,"PAYMENT SENT",0,-0.31312823,f794f293227da1629061dc8cef63846b50559f0b307ab16031e97bed8ccc9489,39.21900027
20151101,"PAYMENT SENT",0,-3.5251761,4389577dc9be3e53f4bab23085c36c61992d4205acf8ed7ef222afe460fbc719,35.69382417
20151102,"PAYMENT SENT",0,-1.44588313,6872cdf113dd3d046f696717e6bcf776c23c5cd061118bda0b85641d53f900f8,34.24794104
20151102,"PAYMENT SENT",0,-0.35631669,995fb898487945247e9d3fcc35273968b72a54de9265c272cb1261f713b9aa68,33.89162435
20151103,"PAYMENT SENT",0,-0.19000707,24795dd7479733927e39727f603d20f00d2b273c8126590dd09dc372495c8c18,33.70161728
20151103,"PAYMENT SENT",0,-0.38147294,32bbf27997802fc6585152bb93f48535d1bc6d8845b09eb85a2f223dd3b4fd67,33.32014434
20151104,"PAYMENT SENT",0,-0.61743838,4f58a46d0887402bcb556e15d735c76619c16057a4f23c6a8a8ddbb78dbf2cca,32.70270596
20151104,"PAYMENT SENT",0,-0.46309154,389d7f44787eeb95c5d0330c656c538aeca25dd858088ac5fb1f0415b12b30cf,32.23961442
20151104,"PAYMENT SENT",0,-0.54923625,3c0966024cc255b691d1e2ea011735a7c3385a58116dfcfef605a765dcbf8a95,31.69037817
20151104,"PAYMENT SENT",0,-0.23716896,3ba72fe7db3331d12612c40c971c9a2f3359b76080cabdeefb484060f378d0b9,31.45320921
20151105,"PAYMENT RECEIVED",2.25,0,dd6a684c98d1ad4219a886a2fbecd9c563c3061c0f70152bdffc55250a31201f,33.70320921
20151105,"PAYMENT SENT",0,-0.89227435,cfb5642c62288beeb5837ead8d03725d8ce6f2b77db636f3fd67bb5201c42884,32.81093486
20151105,"PAYMENT SENT",0,-4.20616482,ef3495617a17d46f0d8e0fc47de456ba56ed7d61bb04a97ba15fa3a7cf09a0a1,28.60477004
20151108,"PAYMENT RECEIVED",7.18973,0,b183f35ecb85f67178db2d451cb8d7e104cb7172b4ae7b34399946854268d4e9,35.79450004
20151109,"PAYMENT SENT",0,-0.21207956,42ba1e974acbd981b4fa6be5ae143f0dc6515c1c1c6fac2e2aadd488a9786816,35.58242048
20151109,"PAYMENT SENT",0,-0.33967631,777a182ff98496d5a93ec7a7b21f53bba5fecb533fbe411bb56c0606ea5cae7c,35.24274417
20151109,"PAYMENT SENT",0,-35.0002,cbac1d08bc4fc19639db86c830bc5aff9eb9972184a6c9ed0a5f94a859a68b6c,0.24254417
20151111,"PAYMENT RECEIVED",0.32,0,228d223710519724396aa59e6f05293c71ecff891d38a8d2cd0d917e6c2dacdc,0.56254417
20151113,"PAYMENT RECEIVED",6.1728,0,94d5a75e1cc1e2b5e26e165d35c32222c96db7c0edb657a6debfce03f31d022c,6.73534417
20151115,"PAYMENT SENT",0,-0.15817777,19a61895722c4f27af3befbbf11a07f7b2b214fdb65770e601f2544256f817d2,6.5771664
20151118,"PAYMENT SENT",0,-0.90032505,45f398dfb21c88f1d6d9baab3028280b8da2f8c54759c03b752e46ea419ee446,5.67684135
20151124,"PAYMENT RECEIVED",3.11274357,0,2343354295097afd51eff9362721cb6eeabeed4624818e129494248441bcf045,8.78958492
20151124,"PAYMENT SENT",0,-1.8488,93f27518a57e4375066038ba5b7749a6f0b3ce952f7af7b46b86af32a4ef1ec4,6.94078492
20151125,"PAYMENT RECEIVED",1.86959495,0,96b1c639cc5d5f6e71f581e71ecc8ee9f9522f3eb75542c0bfbe700f34e37922,8.81037987
20151125,"PAYMENT SENT",0,-0.425,edfacdffe3c6538ac217b2ff2dac24eb1c60a5fb589a2a3af74b2408120953ec,8.38537987
20151130,"PAYMENT RECEIVED",2.7,0,05c4bde7dc4897b738f42be158436a8b7f2fd8dba6d896476a8a2126dbc98eb1,11.08537987
20151201,"PAYMENT SENT",0,-1.43018474,9a50417b64052331e4114f244326edcc1ad4547d0eb434d438236a342f6767eb,9.65519513
20151201,"PAYMENT SENT",0,-0.80439685,a7a8be61e49650c73c5130d6a3b7c15c69a4850d5200a4894df8106470c016e9,8.85079828
20151201,"PAYMENT SENT",0,-1.91099757,f91a879145b9d70f048d7475da3221f010e9898cecb9a55c599a32eb57c33caa,6.93980071
20151201,"PAYMENT SENT",0,-0.56693327,a5eacdfab2111900356b79424e453d397ed9990a9040ae0be8ecde79484271a2,6.37286744
20151201,"PAYMENT SENT",0,-0.96163846,7a79fe6bef88f89a82b2a5cefcb1c7588ce1fbb0dfd96d2ae87f1ae50e4700e4,5.41122898
20151201,"PAYMENT SENT",0,-1.10312228,e27a7068015b8d87923a1838a6ed29c0b431dfd5d94db6d8ffc3c40659a7a893,1.01130341
20151201,"PAYMENT SENT",0,-3.29680329,9133b19970ad65b57b93d79e2bdbdb3d3198e67ca0f8ac9d9c31db57a731e256,2.11442569
20151201,"PAYMENT SENT",0,-0.24828001,810c962ab20166364541963a96e0e4be91263e1a3d8410653d5bdf2df71a31ee,0.7630234
20151202,"PAYMENT SENT",0,-0.2986499,e1b84fd0f87b96fd8b930f6189d23e0f87ce4e33434029d83416ead7c11f8628,0.4643735
20151202,"PAYMENT SENT",0,-0.39116145,47a56f4e626023fa59b7287898e28503c8af837f4936f689c7bc76e61f8f9c1e,0.07321205
20151203,"PAYMENT SENT",0,-0.07267906,e631d37697bcb08c4f3911eb29781ab64dd32ab70cd549d3db3ad6128598c0b7,0.00053299
20151215,"PAYMENT RECEIVED",0.1083,0,88569fda9940b08f132248b3b479ea6d93b97b476c945fe37488103341cd75ff,0.10883299
20151216,"PAYMENT SENT",0,-0.014224,0c8757eaf70c85c8dfe1e46b6c0c656329d98dd26f02e50be5cc016cf569432f,0.09460899
20151221,"PAYMENT RECEIVED",3.4,0,3e0f14e4aac2833a60aebb55c524108c0b816639f0175da014b08f98d4ee05a6,3.49460899
20151222,"PAYMENT SENT",0,-0.00747,e382593bf4f02895ea7e9c1a1f5070ca1763646237852703188f8b9311d702ed,3.48713899
20151223,"PAYMENT SENT",0,-0.007481,6517ade12ea20cbaf4178bb045178df12eb6d7616cb49b204c7621bfee2a3dc8,3.47965799
20151224,"PAYMENT SENT",0,-0.007217,a52289c103c054c0a42ef31455b56d1941b08472014faa1be7aff37a29cdf0ec,3.47244099
20151228,"PAYMENT RECEIVED",0.09319664,0,d47a23dd8a368b5474765cb09d78759c36309a107f4b6082e47d689099c110f7,3.56563763
20151230,"PAYMENT SENT",0,-0.1001,76d97a935674cffb394a117c69e0970dec62d1bf985881f58777c16092dff76f,3.46553763
20151230,"PAYMENT SENT",0,-0.47256698,e44bca1fac9b4c5906348353ade65a9baf9a082d34b5451bcf345cb146816230,2.99297065
20160101,"PAYMENT SENT",0,-0.23102021,a63c02993c1cb6ce83c28f8aa215ccadfe7587d9b6e3b3a8d646a55c38aea275,2.76195044
20160105,"PAYMENT RECEIVED",0.11571396,0,1dda57b73dfd679efaa00953890e8cca3a530ac30d762dc0abdcaade12500549,2.8776644
20160107,"PAYMENT RECEIVED",0.11,0,985c2b874b89a9e9082807aff0f00a633c2a482a2c927b5be360764b61358ca8,2.9876644
20160111,"PAYMENT RECEIVED",2.24068418,0,93cb8621cbd431f59608ff2acd1a0d93acb11f84af1cbe4720763d9158f7ba96,5.22834858
20160115,"PAYMENT RECEIVED",8.56,0,07a742702419d79416a7d65eccf9f194c5eba31b973fd40a8c19a8533860a54e,13.78834858
20160118,"PAYMENT SENT",0,-2.22261274,55c0f696f888b2c19983e646a5f0118058e1fc13131d7a535e34d2564508df66,11.56573584
20160126,"PAYMENT RECEIVED",0.127,0,7311c5d8fe0562842d7dd7435bc0995aaa935053f591e89e98ee22d818049106,11.69273584
20160128,"PAYMENT RECEIVED",0.131,0,a27d805f81141a66d772e09ce6e8add9b8d37485d44f5026afa5ea2b8c2e637b,11.82373584
20160201,"PAYMENT SENT",0,-0.70718148,7d81bf111c63c890d9783402d5ef2a7161cd1ed725aa707285063494dee129e3,11.11655436
20160202,"PAYMENT SENT",0,-1.8767756,ae75940c758bf7483de500c645985f80bf835f1f35c0ed7cd89b778efa06ab78,9.23977876
20160202,"PAYMENT SENT",0,-0.1609579,55ecbceb2c5b66af72f924e08b077a6a5e3341d849c6eee50697225a4204dca6,9.07882086
20160202,"PAYMENT SENT",0,-0.69715093,98bafdae30fea2f59458412c2b8f667267d939de7d4407f33bb3239d1278c5b0,8.38166993
20160202,"PAYMENT SENT",0,-1.84729173,e38e5797c988267c324dbb78a57c4d2248291afdfe2e30684d2d3e0191ce42a1,6.5343782
20160203,"PAYMENT RECEIVED",0.1295,0,9ee45d25d342e64b52798ad9e3a8e140b1c9f5943a8e25e402c2379b14684894,6.6638782
20160203,"PAYMENT SENT",0,-1.74745879,1541883a1f2839430468b662a236a3533d86e877544614152c9d1b0c5243482f,4.91641941
20160203,"PAYMENT SENT",0,-4.91641941,4288a82f04688899bbca5669dd8e425319279a3e725038c3c2f79bd79e74222e,0
20160207,"PAYMENT RECEIVED",0.1325,0,f29825f60946d4f782dcd5ccbcf26f9f9cd344b81a99c1d3adfd03f1f660324d,0.1325
20160222,"PAYMENT RECEIVED",0.114155,0,afb7f4327731e5dae212fe1164a63b854d5f18ecb7bae88f073c1b368af22b14,0.246655
20160223,"PAYMENT SENT",0,-0.022474,8a62f4410a42916408a06329d96c3acd758da8893fbc7bb142a34ebf56a48965,0.224181
20160225,"PAYMENT RECEIVED",0.11890436,0,2aa7fa26ea59f4223c3699a8acfe2152efc98ecfde1c311a2fb56363bc834c3a,0.34308536
20160226,"PAYMENT RECEIVED",0.11550278,0,ce3e53fe1adab01b0794f9cc559b0e10476a7316b8612ff87e31c3412536c08c,0.45858814
20160303,"PAYMENT RECEIVED",0.11718109,0,fe5b790c5ed466346f00044c395485ad909a1b677500e86d97f99d75a1193809,0.57576923
20160317,"PAYMENT RECEIVED",0.11729655,0,5ad856b2de5acc0379ef8ac8f632e5fa6313a2acbb2cdcbbcb57429eb226e3ca,0.69306578
20160324,"PAYMENT RECEIVED",0.12010569,0,b915b8142e13114682872c49ed5311700504da09731a2c4aeb810f7a10adc3a1,0.81317147
20160407,"PAYMENT SENT",0,-0.023233,506333146696ee7d80fa588b8c4c63295a6fa598d23913055dd4235da33ee55f,0.78993847
20160407,"PAYMENT SENT",0,-0.23790081,1620e9a14b19da7c7f4e7c5c48fde156e3b5ac9f6a33a6cbd7a16c2be8e7ab87,0.55203766
20160407,"PAYMENT SENT",0,-0.55203766,87f96ab884d72f543817a175e4f9dc8562e0bda56f1be10acabc91b5e41a2680,0
20160412,"PAYMENT RECEIVED",0.12,0,dae659d3b7a5b3e6c327a7bc3a7863b0e71314b4864ad788dacfea08cf564bc1,0.12
20160505,"PAYMENT RECEIVED",34.9999,0,861ef22434001898c226806d812d688a7de8692289581c30f3afc12d19bcb301,35.1199
20160505,"PAYMENT SENT",0,-0.99271105,8f9d96a0a054dd8e47bbfe2ea1099d72a5ff34ca153c84421a82bf429420d237,15.96099295
20160505,"PAYMENT SENT",0,-0.33393779,b03457a8fff41068ab43be5279a41c5bf229e33457a9c2591de2c7208cd74225,16.953704
20160505,"PAYMENT SENT",0,-0.41739724,8461b36ba1d24ddf70756a8df39c0de54473c1bc4b000e39c8d225445acf8a17,17.28764179
20160505,"PAYMENT SENT",0,-1.93190806,87d0ca811116ab437b07ba91a2f140eaff464db5270f911cc03ce960de507db0,17.70503903
20160505,"PAYMENT SENT",0,-0.46747291,bab961ccafb805c7582c76cd46de234f913505b1ba2e540e5661700ad91e19d8,19.63694709
20160505,"PAYMENT RECEIVED",19.9999,0,331c45f2fbba34cf411353b9ffc71a444857c92dbf1b9d7b278577dc2a1f2b17,20.10442
20160505,"PAYMENT SENT",0,-0.01528,f707a69dc737bd28fd970517df1e671d227df2e96be44cac83624dff5e392602,0.10452
20160505,"PAYMENT SENT",0,-35.0001,0ebc168590a80ab4c762e473d5e50d1fafb76ddc8c7a33767656dc7ba74d559c,0.1198
20160505,"PAYMENT SENT",0,-15.9001,08df40c53ede0b59cec76eceef685d67df94b2e0f362cb4a6f26238a308c220b,0.06089295
20160515,"PAYMENT SENT",0,-0.022342,b0129b3280732aa12d7f580aa2137746bb966c09eba41298a73e88bbb20e6ce0,0.03855095
20160525,"PAYMENT RECEIVED",0.10952663,0,2494265c9e275ffbea9944f8e7ade048b8cd1728d13d44d6f7e1d865676e35c8,0.14807758
20160607,"PAYMENT RECEIVED",0.085,0,35521788f33a826c071e6ce413c5bc559a75ecaf4929420e2f81847e13a61991,0.23307758
20160616,"PAYMENT RECEIVED",29.9999,0,ac028cfa3c6d41f02a7b5206dd77e430babd95255fc44c625d89a925d65f2176,30.23297758
20160616,"PAYMENT SENT",0,-1.0001,6b1ed0b3df22125e5c62ff9f20f3c22eb652450c27bbcca0376ebfa5f8b44e3a,29.23287758
20160616,"PAYMENT RECEIVED",19.9999,0,caa9f1e045bf3280bd6fd29e748847e7c7f5daa5286df93e4b47bdc7c01524fa,49.23277758
20160616,"PAYMENT SENT",0,-50.0002,c6f010dbf91db984d92e00465c85aeaa39c78723bc8c18c020dd1331c8c0f1bc,54.23237758
20160616,"PAYMENT RECEIVED",34.9999,0,13bfbd2fac458cb1e8fcac6c32fd2efb1594bdf83849d97fab388a7f5aceb9b1,104.23257758
20160616,"PAYMENT RECEIVED",19.9999,0,7243ede37a1ba814f2b5c9cdb0c980b74961196832d6fb2f4ac697a4f8eb5e9b,69.23267758
20160616,"PAYMENT RECEIVED",39.9999,0,15fdda12d2b5114b648580690d0caa4e70e3baf20fc5be91b821a322513334bd,94.23227758
20160616,"PAYMENT SENT",0,-94.2301,fc2577a3262fc247ad3793ab8ed1570ae5c60bc4183a3da77e2ed4402cdc305f,0.00217758
20160616,"PAYMENT SENT",0,-0.00217758,7f3f5db88e39bc49415456b8e6bbb69fbedf849bd0a4a810b85998e728875542,0
20160706,"PAYMENT RECEIVED",0.0744,0,cac4bd6c0923c057884a33570f2e92cad46da707fd1675bfee535d152792c0b1,0.0744
20160707,"PAYMENT SENT",0,-0.03894375,189656f99c345e108184f9875727092494c8fc18965872422e08682c60d5b56a,0.03545625
20160718,"PAYMENT RECEIVED",190.2219,0,2603a843f4c609c703505f76f7b7bfa998282c6dfce3ce016f21da917db6c4b1,190.25735625
20160718,"PAYMENT SENT",0,-30.2501,1257494743d7e001676fed2b3ca022226e06c99dbf916e93017d2d1252b155c9,160.00725625
20160718,"PAYMENT SENT",0,-160.00725625,eab8fc29832749082b08245e072efe2b8fdc587548f1b8713732618b53aadd80,0
20160802,"PAYMENT RECEIVED",160.00705625,0,8d0d37b4b7a0f6fca3b9063ecfed12bca484bddf36523befae3360f5fec2ef20,160.00705625
20160802,"PAYMENT SENT",0,-120.0001,bad85ef94a291c04e0fbd43cfb4ac53094a7ca5dc834a9291b3df526955ecf9b,40.00695625
20160802,"PAYMENT SENT",0,-40.0001,6c41140fbfb9d687a7ee8ebd07a4080bf4b88b30723cb31e6f5d6621b7aac1e1,0.00685625
20160811,"PAYMENT RECEIVED",0.0844805,0,df38d709c320d9b11a1aba74a1c376f182a6a54532ae15bd038d7e5ca373ce41,0.09133675
20160914,"PAYMENT RECEIVED",0.0817,0,2759605239d9bc834fdc73045287ec51f67e61a01ad0bcfec42995a56657afda,0.17303675
20161010,"PAYMENT RECEIVED",0.0815,0,63fafa25f9507ddfcbdea1617bc464aeacf1757b878e9ba23e933074dfc3b5b4,0.25453675
20161011,"PAYMENT RECEIVED",0.07861264,0,746fd10fd6188b82f78c69e51aec878571e650cedecc15f3320d0bbb43e231eb,0.33314939
20161116,"PAYMENT RECEIVED",0.075,0,31f4763f41d3e82a16ee30342e3ecd169aa7ff808d2cc153205bf4fab5911262,0.40814939
20161125,"PAYMENT RECEIVED",0.07001,0,cb9a62544fcea3be1b49d243e7d716477dd0f003b779cb9ab882d95b49767359,0.47815939
20161126,"PAYMENT SENT",0,-0.47815939,38da6fdb46b8b1d3f1e171996714fca05e38b0ea76e76316b27b2aa09e095f27,0
20170825,"PAYMENT RECEIVED",0.01192159,0,ff4ab33bb0edd5f9dccc1152a380a68319b12274a3983493fc53fb9e7ecdc945,0.01192159
20171205,"PAYMENT SENT",0,-0.01192159,712c2f6e0d38bc20c6358c6dbe828cb908637063767bed136ee884a02c2edc4e,0
